path,container,ok,index_source,n_entries,first_pts_ms,last_pts_ms,duration_ms,coverage_pct,bytes_read,n_reads,index_ms,moov_position,size_gb,fallback_ms,fallback_entries,error
lib2:e74d6385,matroska,1,seekhead,1647,0,2436854,2438564,99.9,302395,2,88,,1.27,,,
lib2:ad6c8b7b,matroska,1,seekhead,20077,0,3197583,3199936,99.9,799944,4,432,,2.31,,,
lib2:84eeeafa,matroska,1,seekhead,1229,0,1274106,1276067,99.8,313892,2,81,,0.28,,,
lib2:913f1aaa,matroska,1,seekhead,712,0,1326325,1331008,99.6,519966,2,84,,0.23,,,
lib1:41f83a12,matroska,1,seekhead,11801,0,6352679,6363008,99.8,585684,3,333,,13.55,,,
lib2:8e985fd7,matroska,1,seekhead,3672,0,3141138,3142998,99.9,396887,2,123,,2.45,,,
lib2:52f611e2,matroska,1,seekhead,5495,0,3443649,3448064,99.9,1005102,4,537,,0.87,,,
lib2:96067dc1,matroska,1,seekhead,11016,0,1317733,1318080,100.0,562321,3,281,,0.7,,,
lib2:dad45d8d,matroska,1,seekhead,4990,0,3706583,3708608,99.9,1055860,5,573,,0.89,,,
lib2:0fd13d09,matroska,1,seekhead,1303,0,1398320,1400880,99.8,296246,2,62,,1.11,,,
lib2:0f5a91fe,mp4,1,sample-tables,262,0,2557263,2563222,99.8,2350991,4,246,end,0.67,,,
lib2:7c14af88,matroska,1,seekhead,1930,0,1726000,1727776,99.9,310223,2,110,,1.89,,,
lib2:a250b13c,matroska,1,seekhead,3201,0,3342000,3343424,100.0,339468,2,112,,3.54,,,
lib2:6af091de,matroska,1,seekhead,1647,0,1359358,1361235,99.9,304056,2,86,,0.99,,,
lib2:20833c98,matroska,1,seekhead,1218,0,2718799,2724042,99.8,293673,2,88,,0.44,,,
lib2:a9555ec7,mp4,1,sample-tables,167,0,1693200,1701880,99.5,1115125,4,170,end,1.22,,,
lib2:287f8f9e,matroska,1,seekhead,1307,0,2184917,2190219,99.8,295567,2,93,,0.96,,,
lib2:1aab19c6,mp4,1,sample-tables,883,0,3513801,3515563,99.9,3258560,4,167,end,0.91,,,
lib2:06d1d55b,matroska,1,seekhead,429,5,1100396,1103424,99.7,271780,2,55,,0.33,,,
lib2:6d427960,matroska,1,seekhead,922,0,1349682,1353696,99.7,285990,2,76,,0.18,,,
lib2:0ca62644,matroska,1,seekhead,1372,0,2721469,2725630,99.8,294305,2,208,,0.66,,,
lib2:7d74e655,matroska,1,seekhead,1720,0,2611108,2612245,100.0,305953,2,105,,0.4,,,
lib2:dbaa1e38,matroska,1,seekhead,1149,0,2930928,2932992,99.9,291385,2,80,,2.09,,,
lib2:d3b3934c,matroska,1,seekhead,24460,0,2544167,2546976,99.9,926513,4,539,,3.18,,,
lib1:dbf4540f,matroska,1,seekhead,7100,0,7918000,7918112,100.0,434484,2,208,,7.94,,,
lib2:37e6f2b8,matroska,1,seekhead,39012,0,3426173,3429468,99.9,1310720,5,838,,4.3,,,
lib2:a9bec144,matroska,1,seekhead,1535,0,2681178,2683200,99.9,297319,2,79,,1.66,,,
lib2:3362d492,matroska,1,seekhead,1168,0,2403080,2407274,99.8,291174,2,72,,0.25,,,
lib2:960d70f2,matroska,1,seekhead,22719,0,2794000,2900672,96.3,875397,4,514,,2.08,,,
lib2:784fa1ff,matroska,1,seekhead,2703,0,2569317,2569818,100.0,331602,2,217,,1.01,,,
lib2:4e9f7618,matroska,1,seekhead,26454,0,2910000,2911296,100.0,974215,4,606,,3.39,,,
lib2:71852862,matroska,1,seekhead,2314,0,2631120,2633136,99.9,322385,2,83,,0.93,,,
lib2:0457373e,matroska,1,seekhead,631,0,3000292,3003587,99.9,275658,2,66,,0.21,,,
lib2:d2a06a04,matroska,1,seekhead,9971,43,2286043,2286634,100.0,536163,3,319,,0.72,,,
lib2:3c43e4f4,matroska,1,seekhead,2551,0,2644766,2648766,99.8,590855,3,123,,3.14,,,
lib2:00b85858,matroska,1,seekhead,3635,0,2634632,2636064,99.9,390191,2,118,,0.88,,,
lib2:6f0b13be,mp4,1,sample-tables,660,0,2565938,2567615,99.9,2507082,4,114,end,0.67,,,
lib2:c3d2e4fd,matroska,1,seekhead,433,21,2450594,2469029,99.3,269929,2,51,,1.29,,,
lib2:0315bd73,matroska,1,seekhead,2802,0,3034493,3037632,99.9,829208,4,442,,0.79,,,
lib2:752f533b,matroska,1,seekhead,2850,0,2991113,2992128,100.0,336582,2,105,,2.57,,,
lib1:574fc3e0,matroska,1,seekhead,1002,0,5193230,5194816,100.0,280593,2,55,,6.56,,,
lib2:65929f3c,matroska,1,seekhead,692,0,1304595,1308516,99.7,489539,2,73,,0.2,,,
lib1:bc966870,matroska,1,seekhead,17818,0,6200903,6203197,100.0,701734,3,372,,7.73,,,
lib2:a5a8ecd6,matroska,1,seekhead,1458,67,677811,678157,99.9,293345,2,68,,0.51,,,
lib2:eaa03e57,matroska,1,seekhead,2411,0,3951640,3955659,99.9,323855,2,113,,1.7,,,
lib2:0dd5e740,other,0,,,,,,,,,,,0.34,,,unrecognised container
lib2:6b2455c3,matroska,1,seekhead,3540,0,2518516,2519776,99.9,386341,2,144,,0.85,,,
lib2:1087592a,matroska,1,seekhead,410,5,1138339,1142464,99.6,271387,2,53,,0.34,,,
lib2:b49c3b9c,matroska,1,seekhead,692,0,1325574,1329328,99.7,286933,2,59,,0.58,,,
lib2:1d683b22,matroska,1,seekhead,2925,0,2522520,2523563,100.0,334488,2,128,,2.99,,,
lib2:4bf14a6b,matroska,1,seekhead,1464,0,1260259,1260928,99.9,294740,2,96,,0.37,,,
lib2:5bc348a2,matroska,1,seekhead,2630,0,2640000,2643072,99.9,593046,3,136,,1.68,,,
lib2:977c9327,mp4,1,sample-tables,788,0,2412743,2413620,100.0,1905450,4,99,end,0.63,,,
lib2:52940a2e,matroska,1,seekhead,1837,0,3400105,3403570,99.9,307677,2,109,,0.77,,,
lib2:c194b813,matroska,1,seekhead,710,0,2352850,2361366,99.6,274904,2,151,,3.27,,,
lib1:188114c9,matroska,1,seekhead,25367,0,7312013,7312639,100.0,864140,4,530,,10.84,,,
lib2:55510ac0,matroska,1,seekhead,3962,0,3006003,3006304,100.0,435084,2,159,,4.36,,,
lib2:bca8af41,mp4,1,sample-tables,500,0,1783440,1783786,100.0,1617798,4,99,end,0.46,,,
lib2:00402ecb,matroska,1,seekhead,23716,0,1996369,1999392,99.8,895569,4,604,,2.49,,,
lib2:9faf1153,mp4,1,sample-tables,455,0,1743360,1745760,99.9,2621440,4,414,faststart,1.94,,,
lib2:ca288df6,matroska,1,seekhead,4372,0,3191055,3191381,100.0,371459,2,124,,2.43,,,
lib2:569db06b,matroska,1,seekhead,1270,0,2565208,2566464,100.0,293149,2,102,,0.71,,,
lib2:26c96d42,matroska,1,seekhead,309,0,1415060,1420155,99.6,531134,3,64,,0.48,,,
lib2:10a499d3,matroska,1,seekhead,6452,0,1297296,1299520,99.8,439805,2,289,,0.85,,,
lib2:e93e286d,matroska,1,seekhead,2877,0,2808000,2809080,100.0,332375,2,123,,2.79,,,
lib2:0c4106ce,matroska,1,seekhead,17498,0,3256000,3257056,100.0,731453,3,403,,1.83,,,
lib2:f7a1b09c,matroska,1,seekhead,3302,0,1711001,1712086,99.9,348137,2,134,,1.18,,,
lib2:436e6929,matroska,1,seekhead,1371,0,2668043,2670144,99.9,292634,2,234,,1.27,,,
lib2:732eb298,matroska,1,seekhead,3240,0,2517515,2518528,100.0,378192,2,126,,0.68,,,
lib2:25ef5097,matroska,1,seekhead,7340,0,3562476,3563519,100.0,700008,3,404,,0.83,,,
lib2:9f883340,matroska,1,seekhead,815,19,1413139,1418899,99.6,282764,2,94,,1.02,,,
lib2:a160ba8b,matroska,1,seekhead,9736,0,3480477,3482112,100.0,524288,2,257,,2.44,,,
lib2:35045206,matroska,1,seekhead,1501,0,1314360,1314976,100.0,464346,2,174,,0.66,,,
lib2:a02714e0,matroska,1,seekhead,2136,0,2530000,2530080,100.0,313271,2,104,,2.72,,,
lib1:2f8c409b,matroska,1,seekhead,7237,0,6372366,6373909,100.0,439400,2,225,,3.91,,,
lib2:367aa309,matroska,1,seekhead,3027,0,2560558,2561632,100.0,337110,2,135,,2.85,,,
lib2:08ec6ce2,matroska,1,seekhead,1919,0,1291290,1292083,99.9,310985,2,114,,1.58,,,
lib2:4bcc8e5d,matroska,1,seekhead,3761,0,5666360,5668480,100.0,332622,2,129,,6.55,,,
lib2:764de130,matroska,1,seekhead,23040,0,2748000,2748667,100.0,885361,4,525,,1.74,,,
lib2:3f9a5525,matroska,1,seekhead,20131,0,1834000,1835209,99.9,809436,4,440,,1.11,,,
lib2:7f22a760,mp4,1,sample-tables,424,0,2540538,2542958,99.9,2359296,4,102,faststart,0.79,,,
lib2:14519280,matroska,1,seekhead,6359,0,2550000,2550144,100.0,463016,2,184,,0.87,,,
lib2:8636e882,matroska,1,seekhead,704,0,1357815,1359776,99.9,489412,2,61,,0.23,,,
lib2:380b763f,matroska,1,seekhead,2003,0,2614695,2615914,100.0,313046,2,123,,0.27,,,
lib1:41111071,matroska,1,seekhead,18752,0,6333995,6335840,100.0,744557,3,428,,7.84,,,
lib2:b7d35cbe,matroska,1,seekhead,5920,0,1421420,1422088,100.0,685049,3,420,,1.42,,,
lib2:f475f824,matroska,1,seekhead,17424,0,3340000,3343640,99.9,727214,3,423,,2.44,,,
lib2:be177772,matroska,1,seekhead,5195,0,3374000,3374360,100.0,440477,2,201,,1.15,,,
lib1:a1577b9d,matroska,1,seekhead,2602,0,2782780,2783840,100.0,325486,2,132,,3.13,,,
lib2:045fa2b4,matroska,1,seekhead,24159,0,2704702,2706016,100.0,914760,4,513,,2.19,,,
lib2:9af88df8,other,0,,,,,,,,,,,0.34,,,unrecognised container
lib2:bcd65a93,mp4,1,sample-tables,818,0,2751081,2760425,99.7,2616316,4,215,end,0.72,,,
lib2:570df5db,matroska,1,seekhead,1980,0,2637885,2640064,99.9,313948,2,116,,0.82,,,
lib2:0ccdc879,mp4,1,sample-tables,468,0,1349556,1355755,99.5,1178023,4,210,end,0.35,,,
lib2:90daaac6,matroska,1,seekhead,2412,0,2564562,2564768,100.0,321488,2,149,,1.84,,,
lib1:61afba85,matroska,1,seekhead,6553,0,6012708,6019904,99.9,441736,2,171,,8.87,,,
lib2:2ca077e9,matroska,1,seekhead,3227,0,2566230,2566944,100.0,378388,2,116,,1.32,,,
lib1:0736ec14,matroska,1,seekhead,3196,0,8175668,8177962,100.0,471012,2,100,,12.04,,,
lib2:412d97c7,matroska,1,seekhead,4040,0,2517515,2517891,100.0,399870,2,128,,1.75,,,
lib2:c82c8ec1,matroska,1,seekhead,733,0,2607146,2613361,99.8,278230,2,66,,0.74,,,
lib2:7beb5860,matroska,1,seekhead,2122,0,2778776,2780352,99.9,311823,2,140,,3.24,,,
lib2:2b95b189,matroska,1,seekhead,994,0,1582080,1585040,99.8,287426,2,105,,1.2,,,
lib2:3de45de0,matroska,1,seekhead,662,0,1251416,1251475,100.0,278760,2,76,,0.46,,,
lib2:bca902cd,mp4,1,sample-tables,438,0,2624622,2627392,99.9,2359296,4,221,faststart,0.83,,,
lib2:b3270405,matroska,1,seekhead,2037,0,2417290,2421483,99.8,314216,2,111,,0.79,,,
lib2:9d657a2c,matroska,1,seekhead,1865,0,2589212,2590784,99.9,309611,2,197,,0.37,,,
lib2:6f134221,matroska,1,seekhead,24572,0,2918916,2919876,100.0,924872,4,644,,3.26,,,
lib2:adb48314,matroska,1,seekhead,2745,0,2560558,2562240,99.9,329471,2,113,,3.01,,,
lib2:64fdd4e6,matroska,1,seekhead,560,21,2631942,2657801,99.0,272216,2,48,,1.42,,,
lib2:9e26a048,matroska,1,seekhead,3062,0,2592590,2593728,100.0,338122,2,131,,2.93,,,
lib2:36a5f845,matroska,1,seekhead,2532,0,3594966,3597612,99.9,328457,2,204,,2.27,,,
lib2:e73113f0,mp4,1,sample-tables,683,0,2610149,2610443,100.0,2042254,4,121,end,0.68,,,
lib2:da8e3ad5,matroska,1,seekhead,2540,0,2541539,2542624,100.0,359314,2,211,,0.97,,,
lib2:80fae3e1,matroska,1,seekhead,2356,0,3368960,3370667,99.9,322546,2,111,,0.7,,,
lib2:dfdc0a16,other,0,,,,,,,,,,,0.34,,,unrecognised container
lib2:e0bf647e,mp4,1,sample-tables,433,0,2594592,2594848,100.0,2359296,4,115,faststart,0.82,,,
lib1:3038b695,matroska,1,seekhead,78197,0,7632000,7633500,100.0,2395933,10,1545,,8.69,,,
lib2:a9d9e958,matroska,1,seekhead,10157,0,1616000,1618209,99.9,537229,3,273,,1.38,,,
lib2:5edcbcac,matroska,1,seekhead,1425,21,1289518,1293568,99.7,299876,2,103,,0.5,,,
lib2:dce8d000,matroska,1,seekhead,761,0,1525290,1531338,99.6,282255,2,78,,0.27,,,
lib2:51488c84,matroska,1,seekhead,3259,0,2544542,2546016,99.9,379096,2,148,,1.12,,,
lib2:857727fb,matroska,1,seekhead,2356,0,3253630,3262472,99.7,325080,2,266,,3.28,,,
lib2:5a92a61d,matroska,1,seekhead,3327,0,2624622,2626048,99.9,345038,2,396,,2.88,,,
lib2:db8e394d,matroska,1,seekhead,29297,0,3108000,3108064,100.0,1042377,4,602,,3.57,,,
lib2:cae6f1b9,matroska,1,seekhead,817,42,1320042,1323797,99.7,283706,2,90,,0.35,,,
lib2:98fd86b7,matroska,1,seekhead,2603,0,2604602,2606496,99.9,361702,2,124,,0.99,,,
lib2:3c1d6c96,matroska,1,seekhead,2893,0,2894892,2896864,99.9,372737,2,130,,1.27,,,
lib1:01bdc27c,matroska,1,seekhead,24400,0,6304542,6305542,100.0,936133,4,552,,14.02,,,
lib2:cf6e3557,matroska,1,seekhead,1551,0,1363279,1368800,99.6,303161,2,120,,0.34,,,
lib2:a5138f07,matroska,1,seekhead,27554,0,3655026,3659936,99.9,1001188,4,627,,4.59,,,
lib2:ff1138dd,matroska,1,seekhead,1202,0,2980603,2983040,99.9,292017,2,85,,2.1,,,
lib2:a317ec5a,matroska,1,seekhead,862,19,1490459,1495459,99.7,284083,2,174,,1.07,,,
lib2:7c38e6a5,matroska,1,seekhead,1283,0,4807928,4810944,99.9,289879,2,100,,1.51,,,
lib2:a5736240,matroska,1,seekhead,695,0,1300800,1307552,99.5,494285,2,89,,0.19,,,
lib2:2c87b466,matroska,1,seekhead,941,5,1324328,1325344,99.9,308675,2,123,,0.5,,,
lib2:2dd4e58f,matroska,1,seekhead,2743,40,3575080,3575720,100.0,328597,2,130,,1.93,,,
lib2:7462b915,matroska,1,seekhead,2476,0,3848887,3852480,99.9,854032,4,459,,0.99,,,
lib2:e53b25cd,matroska,1,seekhead,5875,0,1559560,1559986,100.0,424913,2,226,,1.73,,,
lib2:37882334,matroska,1,seekhead,6843,0,2582580,2583456,100.0,476450,2,187,,1.3,,,
lib2:2caac5af,matroska,1,seekhead,2313,0,2842000,2843029,100.0,316930,2,81,,1.04,,,
lib2:7ce42654,matroska,1,seekhead,3012,0,4161866,4168768,99.8,914754,4,524,,2.48,,,
lib2:85b17913,matroska,1,seekhead,1364,0,2714506,2716608,99.9,292376,2,425,,1.54,,,
lib2:6655a196,matroska,1,seekhead,1482,0,1305935,1309664,99.7,453536,2,194,,0.66,,,
lib2:ecd2e8f6,matroska,1,seekhead,2584,21,3531569,3538557,99.8,329969,2,121,,1.25,,,
lib2:e1789f4b,matroska,1,seekhead,4778,0,3179000,3179160,100.0,427027,2,191,,1.06,,,
lib2:a6d04440,matroska,1,seekhead,5659,0,3500000,3500080,100.0,454252,2,180,,1.18,,,
lib2:3f85a93e,matroska,1,seekhead,3271,0,2784782,2786240,99.9,401081,2,101,,3.72,,,
lib2:5f329d89,matroska,1,seekhead,725,0,2431680,2436520,99.8,277176,2,79,,0.2,,,
lib2:4723cea3,matroska,1,seekhead,1752,0,1296086,1297472,99.9,306472,2,567,,0.85,,,
lib2:1c13fcca,matroska,1,seekhead,25227,0,4629291,4639424,99.8,946623,4,652,,3.54,,,
lib2:6ce26866,matroska,1,seekhead,2317,0,2796000,2797888,99.9,317155,2,207,,1.67,,,
lib2:2db5f072,matroska,1,seekhead,1729,0,2570651,2571840,100.0,306037,2,130,,1.11,,,
lib1:b40d4067,matroska,1,seekhead,5345,0,6022625,6025334,100.0,405640,2,172,,12.05,,,
lib2:1d4a7ce0,matroska,1,seekhead,855,0,1500666,1505696,99.7,283630,2,75,,0.39,,,
lib2:601edd92,matroska,1,seekhead,8505,0,1301300,1305088,99.7,494981,2,235,,0.78,,,
lib2:f36176bf,mp4,1,sample-tables,766,0,2951698,2954751,99.9,2844112,4,308,end,0.77,,,
lib1:050d4e57,matroska,1,seekhead,22008,0,7478721,7482336,100.0,1471612,6,911,,24.95,,,
lib2:efacd3c4,matroska,1,seekhead,2697,0,2746744,2746816,100.0,327671,2,126,,2.17,,,
lib2:c7ae6f85,matroska,1,seekhead,2766,0,2548520,2550592,99.9,612902,3,304,,0.72,,,
lib2:d26a3d19,matroska,1,seekhead,5532,0,4622618,4624470,100.0,463377,2,142,,3.56,,,
lib2:09584c3f,matroska,1,seekhead,2561,0,2562560,2562688,100.0,360071,2,118,,0.67,,,
lib2:3f84adcd,matroska,1,seekhead,28684,0,3114400,3124080,99.7,1037278,4,640,,3.22,,,
lib1:173e18f9,matroska,1,seekhead,13302,0,6282234,6289283,99.9,579530,3,365,,7.84,,,
lib2:4a456da7,matroska,1,seekhead,4918,0,2954320,2963776,99.7,392532,2,174,,2.86,,,
lib2:3c26a62f,matroska,1,seekhead,1233,0,1706622,1707665,99.9,306655,2,190,,0.47,,,
lib2:da33c420,matroska,1,seekhead,507,0,1694988,1696118,99.9,272771,2,63,,2.18,,,
lib2:4873f842,matroska,1,seekhead,401,5,1195922,1199968,99.7,271192,2,60,,0.36,,,
lib2:2a6d8f73,matroska,1,seekhead,1311,83,2622703,2623162,100.0,290419,2,76,,1.41,,,
lib2:6c5f650d,matroska,1,seekhead,22258,0,3592547,3598554,99.8,857579,4,588,,0.79,,,
lib2:dbead9af,mp4,1,sample-tables,781,0,2624121,2626133,99.9,2501534,4,236,end,0.68,,,
lib2:a2a0a2f0,matroska,1,seekhead,1147,0,1268000,1269125,99.9,289210,2,112,,1.44,,,
lib2:22be3beb,matroska,1,seekhead,14349,0,2592507,2596010,99.9,647757,3,360,,1.55,,,
lib2:0e066d46,matroska,1,seekhead,2496,0,2497495,2498496,100.0,357640,2,172,,0.95,,,
lib2:43ad5313,matroska,1,seekhead,1650,0,1333332,1335084,99.9,303616,2,154,,0.96,,,
lib2:a77584e5,matroska,1,seekhead,1257,0,1418000,1418953,99.9,292896,2,100,,0.69,,,
lib2:590962f2,matroska,1,seekhead,8191,0,1296962,1298005,99.9,485060,2,237,,0.85,,,
lib2:68da9320,mp4,1,sample-tables,411,0,1339046,1344385,99.6,1435171,4,121,end,0.35,,,
lib2:201abeac,matroska,1,seekhead,1940,0,1790789,1791808,99.9,696006,3,405,,0.81,,,
lib2:25976957,mp4,1,sample-tables,434,0,2598000,2602304,99.8,2359296,4,128,faststart,0.82,,,
lib2:83b0229b,matroska,1,seekhead,860,0,1472142,1475648,99.8,283366,2,99,,0.19,,,
lib2:c0051e65,mp4,1,sample-tables,500,0,2994000,2999936,99.8,2310460,4,143,end,0.91,,,
lib2:0cdb6591,matroska,1,seekhead,1819,0,2793669,2795776,99.9,302696,2,112,,1.35,,,
lib1:0d6e7834,matroska,1,seekhead,17387,0,8241984,8248491,99.9,1465836,6,871,,16.22,,,
lib2:b2925b66,matroska,1,seekhead,3434,0,3617614,3618112,100.0,345109,2,139,,4.15,,,
lib2:8dda60b4,matroska,1,seekhead,714,0,1302844,1304888,99.8,450322,2,90,,0.19,,,
lib2:88b62d8e,matroska,1,seekhead,936,44,2851044,2861078,99.6,278981,2,93,,0.73,,,
lib2:76c7bfdf,matroska,1,seekhead,5429,0,2796000,2797000,100.0,408083,2,314,,2.81,,,
lib2:c58bd6b4,matroska,1,seekhead,2348,105,3855457,3859336,99.9,316482,2,106,,0.8,,,
lib2:a1c38c81,matroska,1,seekhead,1452,0,2699363,2702880,99.9,298574,2,148,,2.71,,,
lib2:6b1cd97d,matroska,1,seekhead,2254,0,2754085,2758784,99.8,321550,2,95,,0.82,,,
lib2:9eec51d5,matroska,1,seekhead,20245,0,3140000,3143360,99.9,806192,4,507,,1.91,,,
lib2:26cd7358,matroska,1,seekhead,2622,0,2722000,2722090,100.0,325712,2,201,,1.91,,,
lib2:b6d508dd,matroska,1,seekhead,1705,0,3280652,3284006,99.9,304133,2,102,,2.29,,,
lib2:17af4622,matroska,1,seekhead,2376,0,1902734,1903744,99.9,730044,3,482,,0.59,,,
lib2:31d177a7,matroska,1,seekhead,4685,0,3072032,3072096,100.0,954925,4,584,,1.22,,,
lib1:54df5b30,mp4,1,sample-tables,1538,0,5313390,5316405,99.9,4709703,4,340,end,1.38,,,
lib2:c21a3046,matroska,1,seekhead,1229,0,2651941,2653952,99.9,289504,2,79,,1.61,,,
lib2:f0385ea2,matroska,1,seekhead,716,0,1364489,1371680,99.5,495133,2,165,,0.24,,,
lib2:410e8020,matroska,1,seekhead,4542,0,2541539,2543520,99.9,413450,2,185,,0.79,,,
lib2:c568981e,matroska,1,seekhead,1647,0,3151023,3152148,100.0,302860,2,85,,0.87,,,
lib2:4bd7c95a,matroska,1,seekhead,1442,0,3033947,3041046,99.8,341546,2,105,,3.08,,,
lib2:d40f1952,matroska,1,seekhead,544,21,2540809,2541727,100.0,271926,2,59,,1.12,,,
lib2:a699fccc,mp4,1,sample-tables,807,0,3305708,3306826,100.0,2531603,4,225,end,0.86,,,
lib2:3a6c0d1c,matroska,1,seekhead,1640,21,2531341,2532510,100.0,303852,2,87,,1.09,,,
lib2:7dd980c7,matroska,1,seekhead,30850,0,3959664,3969174,99.8,1095487,5,657,,3.45,,,
lib2:7571bb48,mp4,1,sample-tables,618,0,2617990,2619243,100.0,2489284,4,134,end,0.68,,,
lib2:90529827,matroska,1,seekhead,6046,0,2675673,2676064,100.0,455969,2,198,,1.41,,,
lib2:bc84eef8,matroska,1,seekhead,3082,0,2472470,2473430,100.0,338857,2,129,,2.74,,,
lib2:f26f8bf4,matroska,1,seekhead,20676,0,2573654,2574656,100.0,819386,4,482,,1.48,,,
lib2:222cf502,matroska,1,seekhead,822,42,1310042,1311530,99.9,283841,2,109,,0.37,,,
lib2:24ab21f1,matroska,1,seekhead,3239,0,2436000,2436840,100.0,377514,2,128,,1.79,,,
lib1:aa4c079e,matroska,1,seekhead,30144,0,6908151,6911072,100.0,1032436,4,617,,3.67,,,
lib2:3ee689e2,matroska,1,seekhead,6458,0,4838834,4840469,100.0,424304,2,192,,5.63,,,
lib2:1231feb4,matroska,1,seekhead,2811,0,2636000,2636096,100.0,597830,3,191,,2.34,,,
lib2:1ebe3231,matroska,1,seekhead,3641,0,3134131,3135648,100.0,396018,2,143,,2.47,,,
lib2:241cfe3c,matroska,1,seekhead,27865,0,3284000,3284167,100.0,1014138,4,602,,2.02,,,
lib2:62685fd1,mp4,1,sample-tables,589,0,2602224,2603648,99.9,2490698,4,153,end,0.68,,,
lib2:39a17ff6,matroska,1,seekhead,2253,0,2564020,2565056,100.0,315972,2,107,,2.36,,,
lib2:1aa6b492,matroska,1,seekhead,1057,0,1295045,1302720,99.4,290948,2,94,,0.64,,,
lib1:62ec3eb1,matroska,1,seekhead,14541,0,5715960,5718016,100.0,605528,3,416,,7.14,,,
lib2:79e1a9f0,mp4,1,sample-tables,263,0,2622578,2629206,99.7,2422133,4,239,end,0.68,,,
lib2:58121662,matroska,1,seekhead,1807,0,2522603,2523647,100.0,308315,2,105,,0.29,,,
lib2:28668bd4,matroska,1,seekhead,1543,0,1263387,1265431,99.8,296641,2,174,,0.84,,,
lib2:5130dd46,matroska,1,seekhead,644,0,3482360,3483403,100.0,276455,2,83,,4.37,,,
lib2:a334163f,matroska,1,seekhead,1478,0,2544676,2547520,99.9,298084,2,95,,1.02,,,
lib2:d0ca3d21,matroska,1,seekhead,3002,0,3249872,3259776,99.7,341362,2,163,,2.57,,,
lib2:71abafc0,other,0,,,,,,,,,,,0.34,,,unrecognised container
lib2:12d8495f,matroska,1,seekhead,3156,0,2886000,2886080,100.0,339684,2,130,,3.35,,,
lib2:fbad4926,matroska,1,seekhead,3044,0,3099096,3100576,100.0,336017,2,148,,3.2,,,
lib2:641b1119,matroska,1,seekhead,1827,0,3342130,3344361,99.9,307904,2,103,,0.91,,,
lib2:0696369f,matroska,1,seekhead,21062,0,3552257,3557179,99.9,824162,4,505,,1.02,,,
lib2:0f5c8224,matroska,1,seekhead,22403,0,3473026,3478183,99.9,862154,4,623,,1.0,,,
lib2:a92d95bf,matroska,1,seekhead,3430,0,2527525,2528288,100.0,383388,2,145,,0.7,,,
lib2:f6cae164,matroska,1,seekhead,1224,0,2589796,2598638,99.7,294836,2,109,,0.76,,,
lib2:23029186,matroska,1,seekhead,1549,0,1276442,1276960,100.0,296713,2,99,,0.49,,,
lib2:852afdb6,matroska,1,seekhead,2529,0,2549088,2550180,100.0,326375,2,119,,1.46,,,
lib2:51701f4c,matroska,1,seekhead,2461,0,2577283,2579285,99.9,322099,2,104,,1.47,,,
lib2:b54bea8f,matroska,1,seekhead,668,0,1242441,1250079,99.4,279572,2,64,,0.21,,,
lib2:8e474786,matroska,1,seekhead,3665,0,2634632,2634688,100.0,390839,2,145,,0.73,,,
lib2:a34cf62c,matroska,1,seekhead,20562,0,3486000,3487000,100.0,814779,4,481,,3.84,,,
lib2:91616fa2,matroska,1,seekhead,2314,0,3447240,3455776,99.8,314686,2,124,,2.68,,,
lib2:49434a7b,matroska,1,seekhead,2072,0,2716714,2718336,99.9,310644,2,113,,2.87,,,
lib2:b44b87ca,matroska,1,seekhead,2977,0,2560725,2561351,100.0,338322,2,116,,0.51,,,
lib2:ec15aeff,matroska,1,seekhead,502,0,1585503,1589549,99.7,272662,2,72,,2.18,,,
lib2:f9a59039,matroska,1,seekhead,1340,0,2505220,2507231,99.9,295122,2,112,,0.89,,,
lib2:599c2d6b,matroska,1,seekhead,32353,0,3259256,3260448,100.0,1136039,5,776,,2.13,,,
lib2:2b019e62,matroska,1,seekhead,1704,0,1419419,1420138,99.9,566969,3,128,,1.35,,,
lib2:1c708d30,matroska,1,seekhead,18918,0,2204202,2205078,100.0,772809,3,433,,2.33,,,
lib2:e67faed1,matroska,1,seekhead,2719,0,2947653,2951488,99.9,332907,2,151,,1.52,,,
lib2:815b378c,matroska,1,seekhead,2533,0,2534532,2535533,100.0,359044,2,262,,0.97,,,
lib2:de3e0991,matroska,1,seekhead,1952,0,2462000,2468991,99.7,308615,2,99,,1.8,,,
lib2:c7677924,matroska,1,seekhead,3769,0,2546544,2547921,99.9,357760,2,136,,3.01,,,
lib2:71b1114c,matroska,1,seekhead,2727,0,2534532,2535492,100.0,329140,2,119,,2.66,,,
lib2:9fb182dc,matroska,1,seekhead,5123,0,1449865,1451936,99.9,403288,2,145,,0.57,,,
lib2:fedac1e1,matroska,1,seekhead,590,0,2588878,2594112,99.8,274491,2,83,,0.78,,,
lib2:3791a41d,matroska,1,seekhead,1753,0,2634841,2636050,100.0,305950,2,73,,0.61,,,
lib2:2116f43c,matroska,1,seekhead,2156,0,3122422,3124768,99.9,318136,2,96,,2.98,,,
lib2:92cd499f,matroska,1,seekhead,2813,0,2552550,2552992,100.0,331347,2,116,,1.83,,,
lib2:8e0c662d,matroska,1,seekhead,1727,0,3021520,3024032,99.9,304701,2,71,,0.47,,,
lib2:2592240a,matroska,1,seekhead,3450,0,2585583,2587488,99.9,383589,2,223,,1.15,,,
lib2:8668d855,matroska,1,seekhead,7163,0,1289288,1291797,99.8,454934,2,192,,0.84,,,
lib2:2d5b8d54,matroska,1,seekhead,1428,0,2511059,2513055,99.9,296908,2,167,,0.94,,,
lib2:cb6c8369,mp4,1,sample-tables,706,0,2577575,2583338,99.8,2041046,4,155,end,0.67,,,
lib1:b6aab75e,matroska,1,seekhead,41460,0,5706000,5707334,100.0,1374262,6,927,,3.66,,,
lib2:79f01b44,matroska,1,seekhead,1595,5,4147690,4150485,99.9,302177,2,81,,2.99,,,
lib2:1a0cd169,matroska,1,seekhead,707,0,1280112,1286218,99.5,280543,2,73,,0.21,,,
lib2:6f3c8ea6,mp4,1,sample-tables,646,0,2515638,2517685,99.9,2396326,4,147,end,0.65,,,
lib2:8167d155,matroska,1,seekhead,782,0,2420040,2426520,99.7,278193,2,92,,0.19,,,
lib2:f08fa092,matroska,1,seekhead,30884,0,3503500,3505169,100.0,1094675,5,731,,2.3,,,
lib2:8bcc2e57,matroska,1,seekhead,18690,0,2126000,2126368,100.0,770553,3,435,,1.3,,,
lib2:763085f1,mp4,1,sample-tables,231,0,1381380,1384064,99.8,1572864,4,100,faststart,0.44,,,
lib2:cf8cf868,mp4,1,sample-tables,548,0,2529485,2531530,99.9,2415900,4,131,end,0.66,,,
lib2:0d6e74b0,mp4,1,sample-tables,3247,0,3536960,3537040,100.0,2266109,4,149,end,1.08,,,
lib2:4e61d451,matroska,1,seekhead,902,0,2731896,2739785,99.7,286022,2,78,,0.44,,,
lib2:49de0853,mp4,1,sample-tables,396,0,2370000,2373160,99.9,2359296,4,119,faststart,0.73,,,
lib2:6a158490,matroska,1,seekhead,1249,0,1302676,1309088,99.5,303500,2,114,,0.34,,,
lib2:67fe6636,matroska,1,seekhead,886,0,3540000,3542144,99.9,281276,2,155,,2.34,,,
lib1:069cd2a6,matroska,0,,,,,,,304638,2,48,,4.28,,,ValueError: invalid EBML vint
lib2:d3e8b4b3,matroska,1,seekhead,1877,5,2503381,2504382,100.0,328366,2,172,,0.77,,,
lib2:af45e2b1,matroska,1,seekhead,678,0,1252125,1252209,100.0,279382,2,68,,0.44,,,
lib2:8264809e,matroska,1,seekhead,2862,0,2715841,2719842,99.9,847830,4,467,,0.73,,,
lib2:6e52d4e4,matroska,1,seekhead,2672,0,2566898,2568024,100.0,330546,2,126,,0.51,,,
lib2:7cc1524a,matroska,1,seekhead,3374,0,2476800,2476896,100.0,347711,2,137,,0.82,,,
lib2:e05df26c,matroska,1,seekhead,20294,0,2238000,2238459,100.0,812330,4,476,,1.38,,,
lib2:673c8b0e,matroska,1,seekhead,1149,0,2724305,2729588,99.8,291664,2,94,,0.44,,,
lib2:31579519,matroska,1,seekhead,2186,0,1590756,1593008,99.9,322252,2,117,,0.39,,,
lib2:0297cb3a,matroska,1,seekhead,1860,0,376375,380417,98.9,322454,2,143,,0.06,,,
lib2:6046b98e,matroska,1,seekhead,1177,0,1416000,1417344,99.9,290751,2,103,,0.69,,,
lib2:fa3f50c7,mp4,1,sample-tables,703,0,2577533,2583123,99.8,2040914,4,142,end,0.67,,,
lib2:bb9c0f64,matroska,1,seekhead,754,42,1295042,1295509,100.0,282043,2,76,,0.36,,,
lib2:3edb40f1,matroska,1,seekhead,1654,0,2585333,2586528,100.0,303659,2,126,,0.96,,,
lib2:a8b3a8f5,matroska,1,seekhead,1189,5,2633970,2634554,100.0,293563,2,88,,0.4,,,
lib2:895617a0,matroska,1,seekhead,22904,0,2689250,2780640,96.7,883077,4,546,,0.69,,,
lib2:2a9c4ec5,mp4,1,sample-tables,436,0,2612610,2615616,99.9,2359296,4,130,faststart,0.83,,,
lib2:9ff4c45c,matroska,1,seekhead,297,0,1353936,1355051,99.9,278962,2,70,,0.18,,,
lib2:7906b987,matroska,1,seekhead,1034,0,2638052,2643104,99.8,288657,2,85,,0.37,,,
lib2:695102bb,matroska,1,seekhead,2440,0,2381087,2385133,99.8,324993,2,122,,1.17,,,
lib2:cde86844,mp4,1,sample-tables,764,0,2576031,2585098,99.6,2011712,4,138,end,0.67,,,
lib2:6730c3b9,matroska,1,seekhead,1255,0,2905236,2906279,100.0,293766,2,194,,1.74,,,
lib2:f6b4672f,matroska,1,seekhead,672,0,1351100,1354454,99.8,278562,2,96,,0.27,,,
